code,name,annualKwh,retailRate,exportRate,exportFactor,nettingPeriod,creditExpiry,retailShare,costPerWatt,grossCost,incentives,netCost,srecPerMwh,extraAnnualCost,yearOneSaving,paybackSimple,paybackAccurate,netReturn25,verdict,rank,sourceUrl,checked
HI,Hawaii,9730,0.48,0.1536,0.32,monthly,annual,0.85,4.25,25500.0,6487.5,19012.5,0,0.0,4193.89,4.5,4.5,118413.0,excellent,1,https://tax.hawaii.gov/geninfo/renewable/,2026-08-26
NY,New York,7748,0.299,0.299,1.0,annual,annual,0.95,3.3,19800.0,6150.0,13650.0,0,101.52,2215.16,6.2,6.2,57241.0,excellent,2,https://www.nyserda.ny.gov/All-Programs/NY-Sun,2026-08-15
IL,Illinois,7851,0.1922,0.0846,0.44,instantaneous,annual,0.65,3.06,18360.0,10940.0,7420.0,0,0.0,1213.26,6.1,6.5,28392.0,excellent,3,https://illinoisshines.com/,2026-09-04
MA,Massachusetts,7811,0.3049,0.3049,1.0,annual,annual,0.95,3.15,18900.0,1000.0,17900.0,30,0.0,2616.0,6.8,6.8,63265.0,excellent,4,https://www.mass.gov/info-details/smart-program-details,2026-08-15
ME,Maine,7912,0.3241,0.3241,1.0,annual,annual,0.95,3.05,18300.0,0.0,18300.0,0,0.0,2564.12,7.1,7.0,63565.0,excellent,5,https://www.maine.gov/mpuc/,2026-08-19
NJ,New Jersey,7833,0.2519,0.2519,1.0,annual,annual,0.95,2.98,17880.0,0.0,17880.0,77,0.0,2576.18,6.9,7.0,58041.0,excellent,6,https://njcleanenergy.com/renewable-energy/programs/successor-solar-incentive-susi-program,2026-08-15
MD,Maryland,8351,0.2141,0.2141,1.0,annual,never,0.95,2.88,17280.0,0.0,17280.0,56,0.0,2255.63,7.7,7.7,49141.0,excellent,7,https://www.psc.state.md.us/,2026-08-15
DE,Delaware,8182,0.1848,0.1848,1.0,annual,annual,0.95,2.7,16200.0,4200.0,12000.0,0,0.0,1512.02,7.9,8.0,33997.0,good,8,https://depsc.delaware.gov/,2026-08-28
RI,Rhode Island,7762,0.2829,0.2263,0.8,monthly,annual,0.85,2.92,17520.0,0.0,17520.0,0,0.0,2129.86,8.2,8.1,49540.0,good,9,https://ripuc.ri.gov/,2026-08-28
NH,New Hampshire,7551,0.266,0.1835,0.69,annual,never,0.95,3.03,18180.0,0.0,18180.0,0,0.0,1977.37,9.2,8.9,43681.0,good,10,https://www.puc.nh.gov/,2026-08-28
NM,New Mexico,10674,0.1609,0.1609,1.0,annual,never,0.95,2.88,17280.0,1728.0,15552.0,0,0.0,1717.48,9.1,8.9,37449.0,good,11,https://www.emnrd.nm.gov/,2026-08-19
PA,Pennsylvania,8156,0.2172,0.1216,0.56,annual,annual,0.95,2.93,17580.0,0.0,17580.0,28,0.0,1960.79,9.0,8.9,41310.0,good,12,https://www.puc.pa.gov/,2026-08-15
CA,California,10063,0.3361,0.0403,0.12,instantaneous,annual,0.45,2.8,16800.0,0.0,16800.0,0,0.0,1744.96,9.6,9.4,37138.0,good,13,https://www.cpuc.ca.gov/,2026-08-15
VT,Vermont,7329,0.2375,0.2375,1.0,annual,annual,0.95,2.94,17640.0,0.0,17640.0,0,0.0,1740.66,10.1,9.8,36152.0,good,14,https://puc.vermont.gov/,2026-08-28
CO,Colorado,9570,0.17,0.17,1.0,annual,never,0.95,2.75,16500.0,0.0,16500.0,0,0.0,1626.9,10.1,9.9,33413.0,good,15,https://www.xcelenergy.com/programs_and_rebates/residential_programs_and_rebates/renewable_energy_programs/net_energy_metering,2026-08-14
AZ,Arizona,10531,0.1538,0.0631,0.41,instantaneous,annual,0.65,2.5,15000.0,1000.0,14000.0,0,0.0,1285.32,10.9,10.7,24269.0,good,16,https://www.azcc.gov/,2026-08-13
CT,Connecticut,7515,0.2416,0.2416,1.0,monthly,annual,0.85,2.88,17280.0,0.0,17280.0,0,302.09,1513.46,11.4,10.7,31949.0,good,17,https://portal.ct.gov/pura,2026-08-19
FL,Florida,9266,0.1503,0.0376,0.25,annual,annual,0.95,2.45,14700.0,0.0,14700.0,0,0.0,1340.51,11.0,10.8,25450.0,good,18,https://www.floridapsc.com/,2026-08-13
MN,Minnesota,7998,0.1745,0.1745,1.0,monthly,annual,0.85,3.11,18660.0,0.0,18660.0,30,0.0,1635.49,11.4,12.1,29018.0,marginal,19,https://www.revisor.mn.gov/statutes/cite/216B.164,2026-08-15
VA,Virginia,8564,0.1755,0.0649,0.37,annual,annual,0.95,2.85,17100.0,0.0,17100.0,0,0.0,1455.64,11.7,12.4,26975.0,marginal,20,http://www.dominionenergy.com/en/Virginia/Renewable-Energy-Programs/Net-Metering,2026-08-13
WI,Wisconsin,8005,0.1906,0.0343,0.18,monthly,monthly,0.85,3.05,18300.0,2400.0,15900.0,0,0.0,1338.08,11.9,12.6,24167.0,marginal,21,https://psc.wi.gov/,2026-08-13
AK,Alaska,5532,0.2883,0.0721,0.25,monthly,never,0.85,2.85,17100.0,0.0,17100.0,0,0.0,1415.4,12.1,12.7,25603.0,marginal,22,https://rca.alaska.gov/RCAWeb/,2026-08-11
OH,Ohio,7777,0.1945,0.1089,0.56,monthly,annual,0.85,2.9,17400.0,0.0,17400.0,3,0.0,1436.1,12.1,12.7,25763.0,marginal,23,https://puco.ohio.gov/,2026-08-13
SC,South Carolina,8725,0.1547,0.0248,0.16,monthly,annual,0.85,2.85,17100.0,3500.0,13600.0,0,0.0,1179.74,11.5,12.7,21069.0,marginal,24,https://dor.sc.gov/,2026-08-13
IA,Iowa,8218,0.1599,0.1599,1.0,instantaneous,annual,0.65,2.85,17100.0,0.0,17100.0,0,0.0,1314.12,13.0,13.6,22150.0,marginal,25,https://www.midamericanenergy.com/customer-interconnection,2026-08-11
NV,Nevada,10515,0.1277,0.0958,0.75,monthly,never,0.85,2.85,17100.0,0.0,17100.0,0,0.0,1292.46,13.2,13.8,21412.0,marginal,26,https://puc.nv.gov/Renewable_Energy/Net_Metering/,2026-08-11
MI,Michigan,7744,0.2305,0.0807,0.35,instantaneous,never,0.65,3.13,18780.0,0.0,18780.0,0,0.0,1378.89,13.6,14.0,22678.0,marginal,27,https://www.michigan.gov/mpsc,2026-08-15
MO,Missouri,8596,0.1609,0.0418,0.26,monthly,annual,0.85,2.73,16380.0,0.0,16380.0,0,0.0,1229.51,13.3,14.0,19986.0,marginal,28,https://psc.mo.gov/,2026-08-26
KS,Kansas,9156,0.1527,0.0244,0.16,monthly,annual,0.85,2.85,17100.0,0.0,17100.0,0,0.0,1221.98,14.0,14.5,19009.0,marginal,29,https://www.kcc.ks.gov/electric/net-metering,2026-08-11
MS,Mississippi,8481,0.1454,0.0596,0.41,instantaneous,none,0.65,2.77,16620.0,3500.0,13120.0,0,0.0,978.49,13.4,14.7,14688.0,marginal,30,https://www.psc.ms.gov/,2026-09-04
AR,Arkansas,8478,0.1433,0.0401,0.28,monthly,annual,0.85,2.54,15240.0,0.0,15240.0,0,0.0,1083.65,14.1,14.9,16153.0,marginal,31,https://www.apscservices.info/,2026-08-26
NC,North Carolina,8679,0.1516,0.0379,0.25,monthly,annual,0.85,2.78,16680.0,0.0,16680.0,0,0.0,1167.69,14.3,14.9,17578.0,marginal,32,https://www.ncuc.gov/,2026-08-28
MT,Montana,8063,0.1499,0.1499,1.0,annual,annual,0.95,2.94,17640.0,0.0,17640.0,0,0.0,1208.67,14.6,15.0,18015.0,marginal,33,https://psc.mt.gov/,2026-08-28
OK,Oklahoma,9163,0.1435,0.0316,0.22,monthly,none,0.85,2.85,17100.0,0.0,17100.0,0,0.0,1161.14,14.7,15.2,16935.0,marginal,34,https://oklahoma.gov/occ/divisions/public-utility/energy/electric-utility/netmetering.html,2026-08-11
UT,Utah,8902,0.1312,0.042,0.32,monthly,annual,0.85,2.78,16680.0,1600.0,15080.0,0,0.0,1048.77,14.4,15.3,15124.0,marginal,35,https://psc.utah.gov/,2026-08-26
WY,Wyoming,9198,0.1436,0.1436,1.0,annual,annual,0.95,3.35,20100.0,0.0,20100.0,0,0.0,1320.78,15.2,15.3,19377.0,marginal,36,https://psc.wyo.gov/,2026-09-04
WV,West Virginia,7390,0.1578,0.1262,0.8,annual,annual,0.95,2.95,17700.0,0.0,17700.0,0,0.0,1154.48,15.3,15.7,16108.0,marginal,37,https://psc.state.wv.us/,2026-09-04
NE,Nebraska,8541,0.1378,0.0303,0.22,monthly,annual,0.85,2.95,17700.0,2000.0,15700.0,0,0.0,1039.18,15.1,15.8,14177.0,marginal,38,https://www.oppd.com/,2026-08-26
TX,Texas,8528,0.1588,0.0794,0.5,instantaneous,never,0.65,2.85,17100.0,0.0,17100.0,0,0.0,1117.32,15.3,15.8,15441.0,marginal,39,https://www.puc.texas.gov/consumer/facts/factsheets/elecfacts/Solar.aspx,2026-08-13
KY,Kentucky,8131,0.1381,0.0718,0.52,monthly,never,0.85,2.66,15960.0,0.0,15960.0,0,0.0,1042.05,15.3,16.0,14015.0,marginal,40,https://psc.ky.gov/,2026-09-04
GA,Georgia,8410,0.1627,0.0748,0.46,instantaneous,annual,0.65,2.95,17700.0,0.0,17700.0,0,0.0,1109.57,16.0,16.3,14577.0,marginal,41,https://psc.ga.gov/,2026-08-19
OR,Oregon,6768,0.1597,0.1597,1.0,monthly,annual,0.85,2.85,17100.0,0.0,17100.0,0,0.0,1080.77,15.8,16.3,14195.0,marginal,42,https://regulations.justia.com/states/oregon/chapter-860/division-39/section-860-039-0055,2026-08-11
WA,Washington,6527,0.1471,0.1471,1.0,annual,annual,0.95,2.86,17160.0,0.0,17160.0,0,0.0,960.17,17.9,18.1,10023.0,no,43,https://www.utc.wa.gov/,2026-08-28
IN,Indiana,8010,0.1673,0.0368,0.22,instantaneous,never,0.65,3.02,18120.0,0.0,18120.0,0,0.0,974.26,18.6,18.6,9544.0,no,44,https://www.aesindiana.com/solar-faqs,2026-08-15
ID,Idaho,8737,0.1373,0.0384,0.28,instantaneous,annual,0.65,2.91,17460.0,820.0,16640.0,0,0.0,897.19,18.5,18.9,8397.0,no,45,https://puc.idaho.gov/,2026-08-26
SD,South Dakota,8454,0.1537,0.04,0.26,instantaneous,none,0.65,3.15,18900.0,0.0,18900.0,0,0.0,962.92,19.6,19.4,8377.0,no,46,https://puc.sd.gov/,2026-09-04
LA,Louisiana,8872,0.1272,0.0229,0.18,instantaneous,annual,0.65,2.94,17640.0,0.0,17640.0,0,0.0,804.68,21.9,21.6,4243.0,no,47,http://www.lpsc.louisiana.gov/,2026-08-19
ND,North Dakota,7763,0.1341,0.0255,0.19,monthly,monthly,0.85,3.6,21600.0,0.0,21600.0,0,0.0,914.59,23.6,22.2,4030.0,no,48,https://www.psc.nd.gov/,2026-08-28
TN,Tennessee,8031,0.1371,0.0233,0.17,instantaneous,annual,0.65,3.0,18000.0,0.0,18000.0,0,0.0,781.17,23.0,22.5,3081.0,no,49,https://www.tva.com/energy/technology-innovation/green-connect,2026-08-28
AL,Alabama,8200,0.164,0.0394,0.24,instantaneous,none,0.65,3.33,19980.0,0.0,19980.0,0,389.52,597.69,33.4,26.2,-1613.0,no,50,https://www.alabamapower.com/,2026-09-04
